Object Number,Is Highlight,Is Timeline Work,Is Public Domain,Object ID,Gallery Number,Department,AccessionYear,Object Name,Title,Culture,Period,Dynasty,Reign,Portfolio,Constituent ID,Artist Role,Artist Prefix,Artist Display Name,Artist Display Bio,Artist Suffix,Artist Alpha Sort,Artist Nationality,Artist Begin Date,Artist End Date,Artist Gender,Artist ULAN URL,Artist Wikidata URL,Object Date,Object Begin Date,Object End Date,Medium,Dimensions,Credit Line,Geography Type,City,State,County,Country,Region,Subregion,Locale,Locus,Excavation,River,Classification,Rights and Reproduction,Link Resource,Object Wikidata URL,Metadata Date,Repository,Tags,Tags AAT URL,Tags Wikidata URL
"Burdick 223, N335.8",False,False,False,892651,,Drawings and Prints,1963,Photograph,Actress holding dove from Actresses (N335) issued by S. F. Hess & Company to promote Sunlight Long Cut Tobacco,,,,,,17916,Publisher, ,S.F. Hess & Co., , ,S.F. Hess & Co., ,          ,          ,,,,ca. 1880–99,1875,1900,Photograph,Sheet: 4 1/8 × 2 3/16 in. (10.4 × 5.6 cm),"The Jefferson R. Burdick Collection, Gift of Jefferson R. Burdick",,,,,,,,,,,,Photographs|Ephemera,,http://www.metmuseum.org/art/collection/search/892651,,,"Metropolitan Museum of Art, New York, NY",,,
"Burdick 223, N335.9",False,False,False,892652,,Drawings and Prints,1963,Photograph,Actress wearing geometric patterned dress from Actresses (N335) issued by S. F. Hess & Company to promote Sunlight Long Cut Tobacco,,,,,,17916,Publisher, ,S.F. Hess & Co., , ,S.F. Hess & Co., ,          ,          ,,,,ca. 1880–99,1875,1900,Photograph,Sheet: 4 1/8 × 2 3/16 in. (10.4 × 5.6 cm),"The Jefferson R. Burdick Collection, Gift of Jefferson R. Burdick",,,,,,,,,,,,Photographs|Ephemera,,http://www.metmuseum.org/art/collection/search/892652,,,"Metropolitan Museum of Art, New York, NY",,,
"Burdick 223, N335.10",False,False,False,892653,,Drawings and Prints,1963,Photograph,Actress with hands on hips from Actresses (N335) issued by S. F. Hess & Company to promote Sunlight Long Cut Tobacco,,,,,,17916,Publisher, ,S.F. Hess & Co., , ,S.F. Hess & Co., ,          ,          ,,,,ca. 1880–99,1875,1900,Photograph,Sheet: 4 1/8 × 2 1/16 in. (10.5 × 5.3 cm),"The Jefferson R. Burdick Collection, Gift of Jefferson R. Burdick",,,,,,,,,,,,Photographs|Ephemera,,http://www.metmuseum.org/art/collection/search/892653,,,"Metropolitan Museum of Art, New York, NY",,,
"Burdick 223, N335.11",False,False,False,892654,,Drawings and Prints,1963,Photograph,Actress seated wearing angel wings from Actresses (N335) issued by S. F. Hess & Company to promote Sunlight Long Cut Tobacco,,,,,,17916,Publisher, ,S.F. Hess & Co., , ,S.F. Hess & Co., ,          ,          ,,,,ca. 1880–99,1875,1900,Photograph,Sheet: 4 1/8 × 2 3/16 in. (10.5 × 5.6 cm),"The Jefferson R. Burdick Collection, Gift of Jefferson R. Burdick",,,,,,,,,,,,Photographs|Ephemera,,http://www.metmuseum.org/art/collection/search/892654,,,"Metropolitan Museum of Art, New York, NY",,,
"Burdick 223, N335.12",False,False,False,892655,,Drawings and Prints,1963,Photograph,Actress seated on faux tree stump from Actresses (N335) issued by S. F. Hess & Company to promote Sunlight Long Cut Tobacco,,,,,,17916,Publisher, ,S.F. Hess & Co., , ,S.F. Hess & Co., ,          ,          ,,,,ca. 1880–99,1875,1900,Photograph,Sheet: 4 1/8 × 2 1/4 in. (10.5 × 5.7 cm),"The Jefferson R. Burdick Collection, Gift of Jefferson R. Burdick",,,,,,,,,,,,Photographs|Ephemera,,http://www.metmuseum.org/art/collection/search/892655,,,"Metropolitan Museum of Art, New York, NY",,,
Burdick 223(6),False,False,False,892656,,Drawings and Prints,1963,Print,"Album 223, Page 6",,,,,,,,,,,,,,,,,,,ca. 1880–99,1875,1900,Photographs,Sheet: 15 × 12 5/8 in. (38.1 × 32.1 cm),"The Jefferson R. Burdick Collection, Gift of Jefferson R. Burdick",,,,,,,,,,,,Photographs|Ephemera,,http://www.metmuseum.org/art/collection/search/892656,,,"Metropolitan Museum of Art, New York, NY",,,
"Burdick 223, N335.13",False,False,False,892657,,Drawings and Prints,1963,Photograph,Actress seated and leaning back from Actresses (N335) issued by S. F. Hess & Company to promote Sunlight Long Cut Tobacco,,,,,,17916,Publisher, ,S.F. Hess & Co., , ,S.F. Hess & Co., ,          ,          ,,,,ca. 1880–99,1875,1900,Photograph,Sheet: 4 1/8 × 2 3/16 in. (10.4 × 5.6 cm),"The Jefferson R. Burdick Collection, Gift of Jefferson R. Burdick",,,,,,,,,,,,Photographs|Ephemera,,http://www.metmuseum.org/art/collection/search/892657,,,"Metropolitan Museum of Art, New York, NY",,,
"Burdick 223, N335.14",False,False,False,892658,,Drawings and Prints,1963,Photograph,Actress wearing bonnet from Actresses (N335) issued by S. F. Hess & Company to promote Sunlight Long Cut Tobacco,,,,,,17916,Publisher, ,S.F. Hess & Co., , ,S.F. Hess & Co., ,          ,          ,,,,ca. 1880–99,1875,1900,Photograph,Sheet: 4 1/8 × 2 3/16 in. (10.4 × 5.6 cm),"The Jefferson R. Burdick Collection, Gift of Jefferson R. Burdick",,,,,,,,,,,,Photographs|Ephemera,,http://www.metmuseum.org/art/collection/search/892658,,,"Metropolitan Museum of Art, New York, NY",,,
"Burdick 223, N335.15",False,False,False,892659,,Drawings and Prints,1963,Photograph,Actress seated with elbow on pedestal from Actresses (N335) issued by S. F. Hess & Company to promote Sunlight Long Cut Tobacco,,,,,,17916,Publisher, ,S.F. Hess & Co., , ,S.F. Hess & Co., ,          ,          ,,,,ca. 1880–99,1875,1900,Photograph,Sheet: 4 1/8 × 2 3/16 in. (10.5 × 5.6 cm),"The Jefferson R. Burdick Collection, Gift of Jefferson R. Burdick",,,,,,,,,,,,Photographs|Ephemera,,http://www.metmuseum.org/art/collection/search/892659,,,"Metropolitan Museum of Art, New York, NY",,,
"Burdick 223, N335.16",False,False,False,892660,,Drawings and Prints,1963,Photograph,Actress seated on arm of chair from Actresses (N335) issued by S. F. Hess & Company to promote Sunlight Long Cut Tobacco,,,,,,17916,Publisher, ,S.F. Hess & Co., , ,S.F. Hess & Co., ,          ,          ,,,,ca. 1880–99,1875,1900,Photograph,Sheet: 4 1/8 × 2 3/16 in. (10.5 × 5.6 cm),"The Jefferson R. Burdick Collection, Gift of Jefferson R. Burdick",,,,,,,,,,,,Photographs|Ephemera,,http://www.metmuseum.org/art/collection/search/892660,,,"Metropolitan Museum of Art, New York, NY",,,
"Burdick 223, N335.17",False,False,False,892661,,Drawings and Prints,1963,Photograph,Laura Burt from Actresses (N335) issued by S. F. Hess & Company to promote Sunlight Long Cut Tobacco,,,,,,17916,Publisher, ,S.F. Hess & Co., , ,S.F. Hess & Co., ,          ,          ,,,,ca. 1880–99,1875,1900,Photograph,Sheet: 4 1/8 × 2 1/8 in. (10.4 × 5.4 cm),"The Jefferson R. Burdick Collection, Gift of Jefferson R. Burdick",,,,,,,,,,,,Photographs|Ephemera,,http://www.metmuseum.org/art/collection/search/892661,,,"Metropolitan Museum of Art, New York, NY",,,
"Burdick 223, N335.18",False,False,False,892662,,Drawings and Prints,1963,Photograph,Emma Weathersby from Actresses (N335) issued by S. F. Hess & Company to promote Sunlight Long Cut Tobacco,,,,,,17916,Publisher, ,S.F. Hess & Co., , ,S.F. Hess & Co., ,          ,          ,,,,ca. 1880–99,1875,1900,Photograph,Sheet: 4 1/8 × 2 3/16 in. (10.5 × 5.6 cm),"The Jefferson R. Burdick Collection, Gift of Jefferson R. Burdick",,,,,,,,,,,,Photographs|Ephemera,,http://www.metmuseum.org/art/collection/search/892662,,,"Metropolitan Museum of Art, New York, NY",,,
"Burdick 223, N335.19",False,False,False,892663,,Drawings and Prints,1963,Photograph,Josie Dirkus from Actresses (N335) issued by S. F. Hess & Company to promote Sunlight Long Cut Tobacco,,,,,,17916,Publisher, ,S.F. Hess & Co., , ,S.F. Hess & Co., ,          ,          ,,,,ca. 1880–99,1875,1900,Photograph,Sheet: 4 1/8 × 2 3/16 in. (10.4 × 5.6 cm),"The Jefferson R. Burdick Collection, Gift of Jefferson R. Burdick",,,,,,,,,,,,Photographs|Ephemera,,http://www.metmuseum.org/art/collection/search/892663,,,"Metropolitan Museum of Art, New York, NY",,,
"Burdick 223, N335.20",False,False,False,892664,,Drawings and Prints,1963,Photograph,Loie Fuller from Actresses (N335) issued by S. F. Hess & Company to promote Sunlight Long Cut Tobacco,,,,,,17916,Publisher, ,S.F. Hess & Co., , ,S.F. Hess & Co., ,          ,          ,,,,ca. 1880–99,1875,1900,Photograph,Sheet: 4 1/8 × 2 1/4 in. (10.4 × 5.7 cm),"The Jefferson R. Burdick Collection, Gift of Jefferson R. Burdick",,,,,,,,,,,,Photographs|Ephemera,,http://www.metmuseum.org/art/collection/search/892664,,,"Metropolitan Museum of Art, New York, NY",,,
"Burdick 223, N335.21",False,False,False,892665,,Drawings and Prints,1963,Photograph,Actress standing with plant at her feet from Actresses (N335) issued by S. F. Hess & Company to promote Sunlight Long Cut Tobacco,,,,,,17916,Publisher, ,S.F. Hess & Co., , ,S.F. Hess & Co., ,          ,          ,,,,ca. 1880–99,1875,1900,Photograph,Sheet: 4 1/8 × 2 3/16 in. (10.5 × 5.5 cm),"The Jefferson R. Burdick Collection, Gift of Jefferson R. Burdick",,,,,,,,,,,,Photographs|Ephemera,,http://www.metmuseum.org/art/collection/search/892665,,,"Metropolitan Museum of Art, New York, NY",,,
"Burdick 223, N335.22",False,False,False,892666,,Drawings and Prints,1963,Photograph,Actress in elaborate costume looking upward with halo from Actresses (N335) issued by S. F. Hess & Company to promote Sunlight Long Cut Tobacco,,,,,,17916,Publisher, ,S.F. Hess & Co., , ,S.F. Hess & Co., ,          ,          ,,,,ca. 1880–99,1875,1900,Photograph,Sheet: 4 1/8 × 2 3/16 in. (10.5 × 5.5 cm),"The Jefferson R. Burdick Collection, Gift of Jefferson R. Burdick",,,,,,,,,,,,Photographs|Ephemera,,http://www.metmuseum.org/art/collection/search/892666,,,"Metropolitan Museum of Art, New York, NY",,,
"Burdick 223, N335.23",False,False,False,892667,,Drawings and Prints,1963,Photograph,Actress holding up large strands of flowers from Actresses (N335) issued by S. F. Hess & Company to promote Sunlight Long Cut Tobacco,,,,,,17916,Publisher, ,S.F. Hess & Co., , ,S.F. Hess & Co., ,          ,          ,,,,ca. 1880–99,1875,1900,Photograph,Sheet: 4 1/8 × 2 3/16 in. (10.4 × 5.6 cm),"The Jefferson R. Burdick Collection, Gift of Jefferson R. Burdick",,,,,,,,,,,,Photographs|Ephemera,,http://www.metmuseum.org/art/collection/search/892667,,,"Metropolitan Museum of Art, New York, NY",,,
"Burdick 223, N335.24",False,False,False,892668,,Drawings and Prints,1963,Photograph,Actress seated and leaning on arm from Actresses (N335) issued by S. F. Hess & Company to promote Sunlight Long Cut Tobacco,,,,,,17916,Publisher, ,S.F. Hess & Co., , ,S.F. Hess & Co., ,          ,          ,,,,ca. 1880–99,1875,1900,Photograph,Sheet: 4 1/8 × 2 1/8 in. (10.4 × 5.4 cm),"The Jefferson R. Burdick Collection, Gift of Jefferson R. Burdick",,,,,,,,,,,,Photographs|Ephemera,,http://www.metmuseum.org/art/collection/search/892668,,,"Metropolitan Museum of Art, New York, NY",,,
Burdick 223(7),False,False,False,892669,,Drawings and Prints,1963,Print,"Album 223, Page 7",,,,,,,,,,,,,,,,,,,ca. 1880–99,1875,1900,Photographs,Sheet: 15 × 12 5/8 in. (38.1 × 32.1 cm),"The Jefferson R. Burdick Collection, Gift of Jefferson R. Burdick",,,,,,,,,,,,Photographs|Ephemera,,http://www.metmuseum.org/art/collection/search/892669,,,"Metropolitan Museum of Art, New York, NY",,,
"Burdick 223, N335.25",False,False,False,892671,,Drawings and Prints,1963,Photograph,Actress standing with arms crossed from Actresses (N335) issued by S. F. Hess & Company to promote Sunlight Long Cut Tobacco,,,,,,17916,Publisher, ,S.F. Hess & Co., , ,S.F. Hess & Co., ,          ,          ,,,,ca. 1880–99,1875,1900,Photograph,Sheet: 4 1/8 × 2 1/8 in. (10.4 × 5.4 cm),"The Jefferson R. Burdick Collection, Gift of Jefferson R. Burdick",,,,,,,,,,,,Photographs|Ephemera,,http://www.metmuseum.org/art/collection/search/892671,,,"Metropolitan Museum of Art, New York, NY",,,
"Burdick 223, N335.26",False,False,False,892672,,Drawings and Prints,1963,Photograph,Preciosa Grigolatis from Actresses (N335) issued by S. F. Hess & Company to promote Sunlight Long Cut Tobacco,,,,,,17916,Publisher, ,S.F. Hess & Co., , ,S.F. Hess & Co., ,          ,          ,,,,ca. 1880–99,1875,1900,Photograph,Sheet: 4 1/8 × 2 3/16 in. (10.4 × 5.5 cm),"The Jefferson R. Burdick Collection, Gift of Jefferson R. Burdick",,,,,,,,,,,,Photographs|Ephemera,,http://www.metmuseum.org/art/collection/search/892672,,,"Metropolitan Museum of Art, New York, NY",,,
"Burdick 223, N335.27",False,False,False,892673,,Drawings and Prints,1963,Photograph,Actress as Spanish Dancer from Actresses (N335) issued by S. F. Hess & Company to promote Sunlight Long Cut Tobacco,,,,,,17916,Publisher, ,S.F. Hess & Co., , ,S.F. Hess & Co., ,          ,          ,,,,ca. 1880–99,1875,1900,Photograph,Sheet: 4 1/8 × 2 3/16 in. (10.4 × 5.5 cm),"The Jefferson R. Burdick Collection, Gift of Jefferson R. Burdick",,,,,,,,,,,,Photographs|Ephemera,,http://www.metmuseum.org/art/collection/search/892673,,,"Metropolitan Museum of Art, New York, NY",,,
"Burdick 223, N335.28",False,False,False,892674,,Drawings and Prints,1963,Photograph,Actress in costume with hand on hip from Actresses (N335) issued by S. F. Hess & Company to promote Sunlight Long Cut Tobacco,,,,,,17916,Publisher, ,S.F. Hess & Co., , ,S.F. Hess & Co., ,          ,          ,,,,ca. 1880–99,1875,1900,Photograph,Sheet: 4 1/8 × 2 3/16 in. (10.4 × 5.5 cm),"The Jefferson R. Burdick Collection, Gift of Jefferson R. Burdick",,,,,,,,,,,,Photographs|Ephemera,,http://www.metmuseum.org/art/collection/search/892674,,,"Metropolitan Museum of Art, New York, NY",,,
"Burdick 223, N335.29",False,False,False,892675,,Drawings and Prints,1963,Photograph,Actress in white with long hair from Actresses (N335) issued by S. F. Hess & Company to promote Sunlight Long Cut Tobacco,,,,,,17916,Publisher, ,S.F. Hess & Co., , ,S.F. Hess & Co., ,          ,          ,,,,ca. 1880–99,1875,1900,Photograph,Sheet: 4 1/8 × 2 3/16 in. (10.4 × 5.5 cm),"The Jefferson R. Burdick Collection, Gift of Jefferson R. Burdick",,,,,,,,,,,,Photographs|Ephemera,,http://www.metmuseum.org/art/collection/search/892675,,,"Metropolitan Museum of Art, New York, NY",,,
"Burdick 223, N335.30",False,False,False,892677,,Drawings and Prints,1963,Photograph,Actress seated holding staff with feathers from Actresses (N335) issued by S. F. Hess & Company to promote Sunlight Long Cut Tobacco,,,,,,17916,Publisher, ,S.F. Hess & Co., , ,S.F. Hess & Co., ,          ,          ,,,,ca. 1880–99,1875,1900,Photograph,Sheet: 4 1/8 × 2 3/16 in. (10.4 × 5.5 cm),"The Jefferson R. Burdick Collection, Gift of Jefferson R. Burdick",,,,,,,,,,,,Photographs|Ephemera,,http://www.metmuseum.org/art/collection/search/892677,,,"Metropolitan Museum of Art, New York, NY",,,
"Burdick 223, N335.31",False,False,False,892678,,Drawings and Prints,1963,Photograph,Actress standing on steps and holding a pole from Actresses (N335) issued by S. F. Hess & Company to promote Sunlight Long Cut Tobacco,,,,,,17916,Publisher, ,S.F. Hess & Co., , ,S.F. Hess & Co., ,          ,          ,,,,ca. 1880–99,1875,1900,Photograph,Sheet: 4 1/8 × 2 3/16 in. (10.4 × 5.5 cm),"The Jefferson R. Burdick Collection, Gift of Jefferson R. Burdick",,,,,,,,,,,,Photographs|Ephemera,,http://www.metmuseum.org/art/collection/search/892678,,,"Metropolitan Museum of Art, New York, NY",,,
"Burdick 223, N335.32",False,False,False,892679,,Drawings and Prints,1963,Photograph,Actress leaning on pedestal from Actresses (N335) issued by S. F. Hess & Company to promote Sunlight Long Cut Tobacco,,,,,,17916,Publisher, ,S.F. Hess & Co., , ,S.F. Hess & Co., ,          ,          ,,,,ca. 1880–99,1875,1900,Photograph,Sheet: 4 1/8 × 2 1/16 in. (10.4 × 5.3 cm),"The Jefferson R. Burdick Collection, Gift of Jefferson R. Burdick",,,,,,,,,,,,Photographs|Ephemera,,http://www.metmuseum.org/art/collection/search/892679,,,"Metropolitan Museum of Art, New York, NY",,,
"Burdick 223, N335.33",False,False,False,892680,,Drawings and Prints,1963,Photograph,Lily Howard from Actresses (N335) issued by S. F. Hess & Company to promote Sunlight Long Cut Tobacco,,,,,,17916,Publisher, ,S.F. Hess & Co., , ,S.F. Hess & Co., ,          ,          ,,,,ca. 1880–99,1875,1900,Photograph,Sheet: 4 1/8 × 2 1/16 in. (10.4 × 5.2 cm),"The Jefferson R. Burdick Collection, Gift of Jefferson R. Burdick",,,,,,,,,,,,Photographs|Ephemera,,http://www.metmuseum.org/art/collection/search/892680,,,"Metropolitan Museum of Art, New York, NY",,,
"Burdick 223, N335.34",False,False,False,892683,,Drawings and Prints,1963,Photograph,Actress wearing top hat from Actresses (N335) issued by S. F. Hess & Company to promote Sunlight Long Cut Tobacco,,,,,,17916,Publisher, ,S.F. Hess & Co., , ,S.F. Hess & Co., ,          ,          ,,,,ca. 1880–99,1875,1900,Photograph,Sheet: 4 1/8 × 2 5/16 in. (10.4 × 5.8 cm),"The Jefferson R. Burdick Collection, Gift of Jefferson R. Burdick",,,,,,,,,,,,Photographs|Ephemera,,http://www.metmuseum.org/art/collection/search/892683,,,"Metropolitan Museum of Art, New York, NY",,,
"Burdick 223, N335.35",False,False,False,892685,,Drawings and Prints,1963,Photograph,Actress with rifle from Actresses (N335) issued by S. F. Hess & Company to promote Sunlight Long Cut Tobacco,,,,,,17916,Publisher, ,S.F. Hess & Co., , ,S.F. Hess & Co., ,          ,          ,,,,ca. 1880–99,1875,1900,Photograph,Sheet: 4 1/8 × 2 1/4 in. (10.5 × 5.7 cm),"The Jefferson R. Burdick Collection, Gift of Jefferson R. Burdick",,,,,,,,,,,,Photographs|Ephemera,,http://www.metmuseum.org/art/collection/search/892685,,,"Metropolitan Museum of Art, New York, NY",,,
"Burdick 223, N335.36",False,False,False,892686,,Drawings and Prints,1963,Photograph,Actress with hands on hips from Actresses (N335) issued by S. F. Hess & Company to promote Sunlight Long Cut Tobacco,,,,,,17916,Publisher, ,S.F. Hess & Co., , ,S.F. Hess & Co., ,          ,          ,,,,ca. 1880–99,1875,1900,Photograph,Sheet: 4 1/8 × 2 3/16 in. (10.5 × 5.6 cm),"The Jefferson R. Burdick Collection, Gift of Jefferson R. Burdick",,,,,,,,,,,,Photographs|Ephemera,,http://www.metmuseum.org/art/collection/search/892686,,,"Metropolitan Museum of Art, New York, NY",,,
Burdick 223(8),False,False,False,892688,,Drawings and Prints,1963,Print,"Album 223, Page 8",,,,,,,,,,,,,,,,,,,ca. 1880–99,1875,1900,Photograph,Sheet: 15 × 12 5/8 in. (38.1 × 32.1 cm),"The Jefferson R. Burdick Collection, Gift of Jefferson R. Burdick",,,,,,,,,,,,Photographs|Ephemera,,http://www.metmuseum.org/art/collection/search/892688,,,"Metropolitan Museum of Art, New York, NY",,,
26.28.814,False,False,False,892696,,Drawings and Prints,1926,Print,Trade card issued by Eugene Rimmel,,,,,,2212248666,Printer|Publisher, | ,M. Deulin|Eugene Rimmel,"British, born France, active 1830–70|British, born France 1820–1887 London", | ," |Rimmel, Eugene","British, born France|British",1830      |1820      ,1870      |1887      ,|,|(not assigned),|https://www.wikidata.org/wiki/Q3060153,1851,1851,1851,Color lithograph with gold ink,Sheet: 9 in. × 11 1/4 in. (22.8 × 28.5 cm),"Gift of Bella C. Landauer, 1926",,,,,,,,,,,,Prints,,http://www.metmuseum.org/art/collection/search/892696,,,"Metropolitan Museum of Art, New York, NY",,,
66.625.10,False,False,False,892698,,Drawings and Prints,1966,Print,Ex libris for Heinrich Wetteroth,,,,,,8164,Artist, ,Willi Geiger,"German, Schönbrunn 1878–1971 Munich", ,"Geiger, Willi",German,1878      ,1971      ,,http://vocab.getty.edu/page/ulan/500103045,https://www.wikidata.org/wiki/Q117472,1908,1908,1908,Etching; proof,"Plate: 4 5/16 × 2 3/4 in. (11 × 7 cm)
Sheet: 10 3/8 × 7 1/4 in. (26.4 × 18.4 cm)","The Elisha Whittelsey Collection, The Elisha Whittelsey Fund, 1966",,,,,,,,,,,,Prints,,http://www.metmuseum.org/art/collection/search/892698,,,"Metropolitan Museum of Art, New York, NY",,,
2023.152,False,False,False,892699,,European Sculpture and Decorative Arts,2023,Bust,Alexandre Dumas fils,French,,,,,16334,Artist, ,Jean-Baptiste Carpeaux,"French, Valenciennes 1827–1875 Courbevoie", ,"Carpeaux, Jean-Baptiste",French,1827      ,1875      ,,http://vocab.getty.edu/page/ulan/500115348,https://www.wikidata.org/wiki/Q182791,"modeled in 1873, cast before 1875, probably in 1873",1873,1875,Cast terracotta,29 1/8 × 22 1/16 × 16 9/16 in. (74 × 56 × 42 cm),"Purchase, The Isaacson-Draper Fund,  Iris and B. Gerald Cantor Foundation, and Ford Foundation Gifts, 2023",,,,,,,,,,,,Sculpture,,http://www.metmuseum.org/art/collection/search/892699,,,"Metropolitan Museum of Art, New York, NY",,,
"Burdick 223, N335.37",False,False,False,892700,,Drawings and Prints,1963,Photograph,Carrie Andrew from Actresses (N335) issued by S. F. Hess & Company to promote Little Casino Long Cut Tobacco,,,,,,17916,Publisher, ,S.F. Hess & Co., , ,S.F. Hess & Co., ,          ,          ,,,,ca. 1880–99,1875,1900,Photograph,Sheet: 4 1/8 × 2 3/16 in. (10.5 × 5.6 cm),"The Jefferson R. Burdick Collection, Gift of Jefferson R. Burdick",,,,,,,,,,,,Photographs|Ephemera,,http://www.metmuseum.org/art/collection/search/892700,,,"Metropolitan Museum of Art, New York, NY",,,
2023.69,False,False,False,892701,,The American Wing,2023,Saucepan,Saucepa,American,,,,,148,Maker, ,Hugh Wishart,active ca. 1793–1824, ,"Wishart, Hugh",American,1793      ,1824      ,,http://vocab.getty.edu/page/ulan/500091676,https://www.wikidata.org/wiki/Q72701764,ca. 1800,1795,1805,"Silver, woodThis","7 3/4 × 9 × 4 5/8 in. (19.7 × 22.9 × 11.7 cm)
Height (Height of body): 3 in. (7.6 cm)","Gift of John M. Bacon, 2023",,,,,,,,,,,,,,http://www.metmuseum.org/art/collection/search/892701,,,"Metropolitan Museum of Art, New York, NY",,,
"Burdick 223, N335.38",False,False,False,892704,,Drawings and Prints,1963,Photograph,Actress posed as sculpture from Actresses (N335) issued by S. F. Hess & Company to promote Long Cut Tobacco brands,,,,,,17916,Publisher, ,S.F. Hess & Co., , ,S.F. Hess & Co., ,          ,          ,,,,ca. 1880–99,1875,1900,Photograph,Sheet: 4 1/8 × 2 3/16 in. (10.4 × 5.6 cm),"The Jefferson R. Burdick Collection, Gift of Jefferson R. Burdick",,,,,,,,,,,,Photographs|Ephemera,,http://www.metmuseum.org/art/collection/search/892704,,,"Metropolitan Museum of Art, New York, NY",,,
"Burdick 223, N335.39",False,False,False,892705,,Drawings and Prints,1963,Photograph,Actress posed as sculpture from Actresses (N335) issued by S. F. Hess & Company to promote Long Cut Tobacco brands,,,,,,17916,Publisher, ,S.F. Hess & Co., , ,S.F. Hess & Co., ,          ,          ,,,,ca. 1880–99,1875,1900,Photograph,Sheet: 4 1/8 × 2 5/16 in. (10.5 × 5.8 cm),"The Jefferson R. Burdick Collection, Gift of Jefferson R. Burdick",,,,,,,,,,,,Photographs|Ephemera,,http://www.metmuseum.org/art/collection/search/892705,,,"Metropolitan Museum of Art, New York, NY",,,
"Burdick 223, N335.40",False,False,False,892706,,Drawings and Prints,1963,Photograph,Mlle' Boufanti from Actresses (N335) issued by S. F. Hess & Company to promote Long Cut Tobacco brands,,,,,,17916,Publisher, ,S.F. Hess & Co., , ,S.F. Hess & Co., ,          ,          ,,,,ca. 1880–99,1875,1900,Photograph,Sheet: 4 1/8 × 2 3/16 in. (10.5 × 5.5 cm),"The Jefferson R. Burdick Collection, Gift of Jefferson R. Burdick",,,,,,,,,,,,Photographs|Ephemera,,http://www.metmuseum.org/art/collection/search/892706,,,"Metropolitan Museum of Art, New York, NY",,,
"Burdick 223, N335.41",False,False,False,892707,,Drawings and Prints,1963,Photograph,Pauline Markham from Actresses (N335) issued by S. F. Hess & Company to promote Sunlight Long Cut Tobacco,,,,,,17916,Publisher, ,S.F. Hess & Co., , ,S.F. Hess & Co., ,          ,          ,,,,ca. 1880–99,1875,1900,Photograph,Sheet: 4 1/8 × 2 3/16 in. (10.4 × 5.5 cm),"The Jefferson R. Burdick Collection, Gift of Jefferson R. Burdick",,,,,,,,,,,,Photographs|Ephemera,,http://www.metmuseum.org/art/collection/search/892707,,,"Metropolitan Museum of Art, New York, NY",,,
"Burdick 223, N335.42",False,False,False,892708,,Drawings and Prints,1963,Photograph,Menzetta from Actresses (N335) issued by S. F. Hess & Company to promote Railway Long Cut Tobacco,,,,,,17916,Publisher, ,S.F. Hess & Co., , ,S.F. Hess & Co., ,          ,          ,,,,ca. 1880–99,1875,1900,Photograph,Sheet: 4 1/16 × 2 3/16 in. (10.3 × 5.5 cm),"The Jefferson R. Burdick Collection, Gift of Jefferson R. Burdick",,,,,,,,,,,,Photographs|Ephemera,,http://www.metmuseum.org/art/collection/search/892708,,,"Metropolitan Museum of Art, New York, NY",,,
"Burdick 223, N335.43",False,False,False,892710,,Drawings and Prints,1963,Photograph,Actresses looking upward in outdoor setting from Actresses (N335) issued by S. F. Hess & Company to promote Long Cut Tobacco brands,,,,,,17916,Publisher, ,S.F. Hess & Co., , ,S.F. Hess & Co., ,          ,          ,,,,ca. 1880–99,1875,1900,Photograph,Sheet: 4 1/8 × 2 3/16 in. (10.4 × 5.5 cm),"The Jefferson R. Burdick Collection, Gift of Jefferson R. Burdick",,,,,,,,,,,,Photographs|Ephemera,,http://www.metmuseum.org/art/collection/search/892710,,,"Metropolitan Museum of Art, New York, NY",,,
"Burdick 223, N335.44",False,False,False,892712,,Drawings and Prints,1963,Photograph,Grace Shermin from Actresses (N335) issued by S. F. Hess & Company to promote Sunlight Long Cut Tobacco,,,,,,17916,Publisher, ,S.F. Hess & Co., , ,S.F. Hess & Co., ,          ,          ,,,,ca. 1880–99,1875,1900,Photograph,Sheet: 4 1/8 × 2 1/8 in. (10.5 × 5.4 cm),"The Jefferson R. Burdick Collection, Gift of Jefferson R. Burdick",,,,,,,,,,,,Photographs|Ephemera,,http://www.metmuseum.org/art/collection/search/892712,,,"Metropolitan Museum of Art, New York, NY",,,
60.629.7(11-20),False,False,False,892714,,Drawings and Prints,1960,Portfolio ; print,"Willi Geiger – Exlibrisradierungen (Ex libris etchings), Band 2",,,,,,816438164,Publisher|Artist, | ,Willi Geiger|Willi Geiger,"German, Schönbrunn 1878–1971 Munich|German, Schönbrunn 1878–1971 Munich", | ,"Geiger, Willi|Geiger, Willi",German|German,1878      |1878      ,1971      |1971      ,|,http://vocab.getty.edu/page/ulan/500103045|http://vocab.getty.edu/page/ulan/500103045,https://www.wikidata.org/wiki/Q117472|https://www.wikidata.org/wiki/Q117472,1911,1911,1911,Etching,Overall: 11 1/4 x 9 1/4 x 9/16 in. (28.5 x 23.5 x 1.4 cm),"The Elisha Whittelsey Collection, The Elisha Whittelsey Fund, 1960",,,,,,,,,,,,Portfolios|Prints,"© 2023 Artists Rights Society (ARS), New York",http://www.metmuseum.org/art/collection/search/892714,,,"Metropolitan Museum of Art, New York, NY",,,
"Burdick 223, N335.45",False,False,False,892715,,Drawings and Prints,1963,Photograph,Lena French from Actresses (N335) issued by S. F. Hess & Company to promote Railway Long Cut Tobacco,,,,,,17916,Publisher, ,S.F. Hess & Co., , ,S.F. Hess & Co., ,          ,          ,,,,ca. 1880–99,1875,1900,Photograph,Sheet: 4 1/8 × 2 3/16 in. (10.4 × 5.5 cm),"The Jefferson R. Burdick Collection, Gift of Jefferson R. Burdick",,,,,,,,,,,,Photographs|Ephemera,,http://www.metmuseum.org/art/collection/search/892715,,,"Metropolitan Museum of Art, New York, NY",,,
"Burdick 223, N335.46",False,False,False,892716,,Drawings and Prints,1963,Photograph,Actress wearing white from Actresses (N335) issued by S. F. Hess & Company to promote Sound Long Cut Tobacco,,,,,,17916,Publisher, ,S.F. Hess & Co., , ,S.F. Hess & Co., ,          ,          ,,,,ca. 1880–99,1875,1900,Photograph,Sheet: 4 1/8 × 2 1/4 in. (10.4 × 5.7 cm),"The Jefferson R. Burdick Collection, Gift of Jefferson R. Burdick",,,,,,,,,,,,Photographs|Ephemera,,http://www.metmuseum.org/art/collection/search/892716,,,"Metropolitan Museum of Art, New York, NY",,,
"Burdick 223, N335.47",False,False,False,892719,,Drawings and Prints,1963,Photograph,Actress holding closed parasol from Actresses (N335) issued by S. F. Hess & Company to promote Sound Long Cut Tobacco,,,,,,17916,Publisher, ,S.F. Hess & Co., , ,S.F. Hess & Co., ,          ,          ,,,,ca. 1880–99,1875,1900,Photograph,Sheet: 3 7/16 × 2 1/4 in. (8.8 × 5.7 cm),"The Jefferson R. Burdick Collection, Gift of Jefferson R. Burdick",,,,,,,,,,,,Photographs|Ephemera,,http://www.metmuseum.org/art/collection/search/892719,,,"Metropolitan Museum of Art, New York, NY",,,
"Burdick 223, N335.48",False,False,False,892720,,Drawings and Prints,1963,Photograph,Ida Mulle from Actresses (N335) issued by S. F. Hess & Company to promote Long Cut Tobacco brands,,,,,,17916,Publisher, ,S.F. Hess & Co., , ,S.F. Hess & Co., ,          ,          ,,,,ca. 1880–99,1875,1900,Photograph,Sheet: 4 1/8 × 2 1/16 in. (10.5 × 5.3 cm),"The Jefferson R. Burdick Collection, Gift of Jefferson R. Burdick",,,,,,,,,,,,Photographs|Ephemera,,http://www.metmuseum.org/art/collection/search/892720,,,"Metropolitan Museum of Art, New York, NY",,,
Burdick 223(9),False,False,False,892721,,Drawings and Prints,1963,Print,"Album 223, Page 9",,,,,,,,,,,,,,,,,,,ca. 1880–99,1875,1900,Photographs,Sheet: 15 × 12 5/8 in. (38.1 × 32.1 cm),"The Jefferson R. Burdick Collection, Gift of Jefferson R. Burdick",,,,,,,,,,,,Photographs|Ephemera,,http://www.metmuseum.org/art/collection/search/892721,,,"Metropolitan Museum of Art, New York, NY",,,
"Burdick 223, N335.49",False,False,False,892722,,Drawings and Prints,1963,Photograph,Actress standing on balcony from Actresses (N335a) issued by S. F. Hess & Company to promote Long Cut Tobacco brands,,,,,,17916,Publisher, ,S.F. Hess & Co., , ,S.F. Hess & Co., ,          ,          ,,,,ca. 1880–99,1875,1900,Photograph,Sheet: 3 3/8 × 2 3/16 in. (8.6 × 5.6 cm),"The Jefferson R. Burdick Collection, Gift of Jefferson R. Burdick",,,,,,,,,,,,Photographs|Ephemera,,http://www.metmuseum.org/art/collection/search/892722,,,"Metropolitan Museum of Art, New York, NY",,,
"Burdick 223, N335.50",False,False,False,892723,,Drawings and Prints,1963,Photograph,Actress with sword saluting from Actresses (N335a) issued by S. F. Hess & Company to promote Long Cut Tobacco brands,,,,,,17916,Publisher, ,S.F. Hess & Co., , ,S.F. Hess & Co., ,          ,          ,,,,ca. 1880–99,1875,1900,Photograph,Sheet: 3 1/2 × 2 3/16 in. (8.9 × 5.5 cm),"The Jefferson R. Burdick Collection, Gift of Jefferson R. Burdick",,,,,,,,,,,,Photographs|Ephemera,,http://www.metmuseum.org/art/collection/search/892723,,,"Metropolitan Museum of Art, New York, NY",,,
"Burdick 223, N335.51",False,False,False,892724,,Drawings and Prints,1963,Photograph,Actress leaning on pedestal with hand to face from Actresses (N335a) issued by S. F. Hess & Company to promote Long Cut Tobacco brands,,,,,,17916,Publisher, ,S.F. Hess & Co., , ,S.F. Hess & Co., ,          ,          ,,,,ca. 1880–99,1875,1900,Photograph,Sheet: 3 1/2 × 2 3/16 in. (8.9 × 5.5 cm),"The Jefferson R. Burdick Collection, Gift of Jefferson R. Burdick",,,,,,,,,,,,Photographs|Ephemera,,http://www.metmuseum.org/art/collection/search/892724,,,"Metropolitan Museum of Art, New York, NY",,,
"Burdick 223, N335.52",False,False,False,892725,,Drawings and Prints,1963,Photograph,Actress with hands behind back from Actresses (N335a) issued by S. F. Hess & Company to promote Long Cut Tobacco brands,,,,,,17916,Publisher, ,S.F. Hess & Co., , ,S.F. Hess & Co., ,          ,          ,,,,ca. 1880–99,1875,1900,Photograph,Sheet: 3 9/16 × 2 1/4 in. (9 × 5.7 cm),"The Jefferson R. Burdick Collection, Gift of Jefferson R. Burdick",,,,,,,,,,,,Photographs|Ephemera,,http://www.metmuseum.org/art/collection/search/892725,,,"Metropolitan Museum of Art, New York, NY",,,
"Burdick 223, N335.53",False,False,False,892726,,Drawings and Prints,1963,Photograph,Actress holding staff from Actresses (N335a) issued by S. F. Hess & Company to promote Long Cut Tobacco brands,,,,,,17916,Publisher, ,S.F. Hess & Co., , ,S.F. Hess & Co., ,          ,          ,,,,ca. 1880–99,1875,1900,Photograph,Sheet: 3 1/2 × 2 3/16 in. (8.9 × 5.6 cm),"The Jefferson R. Burdick Collection, Gift of Jefferson R. Burdick",,,,,,,,,,,,Photographs|Ephemera,,http://www.metmuseum.org/art/collection/search/892726,,,"Metropolitan Museum of Art, New York, NY",,,
"Burdick 223, N335.54",False,False,False,892727,,Drawings and Prints,1963,Photograph,Actress in costume holding a bow from Actresses (N335a) issued by S. F. Hess & Company to promote Long Cut Tobacco brands,,,,,,17916,Publisher, ,S.F. Hess & Co., , ,S.F. Hess & Co., ,          ,          ,,,,ca. 1880–99,1875,1900,Photograph,Sheet: 3 7/16 × 2 1/8 in. (8.8 × 5.4 cm),"The Jefferson R. Burdick Collection, Gift of Jefferson R. Burdick",,,,,,,,,,,,Photographs|Ephemera,,http://www.metmuseum.org/art/collection/search/892727,,,"Metropolitan Museum of Art, New York, NY",,,
"Burdick 223, N335.55",False,False,False,892728,,Drawings and Prints,1963,Photograph,Actress in white with long hair from Actresses (N335a) issued by S. F. Hess & Company to promote Long Cut Tobacco brands,,,,,,17916,Publisher, ,S.F. Hess & Co., , ,S.F. Hess & Co., ,          ,          ,,,,ca. 1880–99,1875,1900,Photograph,Sheet: 3 7/16 × 2 1/4 in. (8.8 × 5.7 cm),"The Jefferson R. Burdick Collection, Gift of Jefferson R. Burdick",,,,,,,,,,,,Photographs|Ephemera,,http://www.metmuseum.org/art/collection/search/892728,,,"Metropolitan Museum of Art, New York, NY",,,
"Burdick 223, N335.56",False,False,False,892729,,Drawings and Prints,1963,Photograph,Actress wearing hat and holding walking stick from Actresses (N335a) issued by S. F. Hess & Company to promote Long Cut Tobacco brands,,,,,,17916,Publisher, ,S.F. Hess & Co., , ,S.F. Hess & Co., ,          ,          ,,,,ca. 1880–99,1875,1900,Photograph,Sheet: 3 7/16 × 2 1/4 in. (8.8 × 5.7 cm),"The Jefferson R. Burdick Collection, Gift of Jefferson R. Burdick",,,,,,,,,,,,Photographs|Ephemera,,http://www.metmuseum.org/art/collection/search/892729,,,"Metropolitan Museum of Art, New York, NY",,,
"Burdick 223, N335.57",False,False,False,892730,,Drawings and Prints,1963,Photograph,Actress wearing dress with hearts from Actresses (N335a) issued by S. F. Hess & Company to promote Long Cut Tobacco brands,,,,,,17916,Publisher, ,S.F. Hess & Co., , ,S.F. Hess & Co., ,          ,          ,,,,ca. 1880–99,1875,1900,Photograph,Sheet: 3 7/16 × 2 3/16 in. (8.8 × 5.5 cm),"The Jefferson R. Burdick Collection, Gift of Jefferson R. Burdick",,,,,,,,,,,,Photographs|Ephemera,,http://www.metmuseum.org/art/collection/search/892730,,,"Metropolitan Museum of Art, New York, NY",,,
"Burdick 223, N335.58",False,False,False,892731,,Drawings and Prints,1963,Photograph,Actress standing with arms crossed from Actresses (N335a) issued by S. F. Hess & Company to promote Long Cut Tobacco brands,,,,,,17916,Publisher, ,S.F. Hess & Co., , ,S.F. Hess & Co., ,          ,          ,,,,ca. 1880–99,1875,1900,Photograph,Sheet: 3 1/2 × 2 3/16 in. (8.9 × 5.6 cm),"The Jefferson R. Burdick Collection, Gift of Jefferson R. Burdick",,,,,,,,,,,,Photographs|Ephemera,,http://www.metmuseum.org/art/collection/search/892731,,,"Metropolitan Museum of Art, New York, NY",,,
"Burdick 223, N335.59",False,False,False,892732,,Drawings and Prints,1963,Photograph,Actress adjusting stocking from Actresses (N335a) issued by S. F. Hess & Company to promote Long Cut Tobacco brands,,,,,,17916,Publisher, ,S.F. Hess & Co., , ,S.F. Hess & Co., ,          ,          ,,,,ca. 1880–99,1875,1900,Photograph,Sheet: 3 9/16 × 2 1/4 in. (9 × 5.7 cm),"The Jefferson R. Burdick Collection, Gift of Jefferson R. Burdick",,,,,,,,,,,,Photographs|Ephemera,,http://www.metmuseum.org/art/collection/search/892732,,,"Metropolitan Museum of Art, New York, NY",,,
"Burdick 223, N335.60",False,False,False,892733,,Drawings and Prints,1963,Photograph,Actress cupping hands to mouth from Actresses (N335a) issued by S. F. Hess & Company to promote Long Cut Tobacco brands,,,,,,17916,Publisher, ,S.F. Hess & Co., , ,S.F. Hess & Co., ,          ,          ,,,,ca. 1880–99,1875,1900,Photograph,Sheet: 3 1/2 × 2 5/16 in. (8.9 × 5.8 cm),"The Jefferson R. Burdick Collection, Gift of Jefferson R. Burdick",,,,,,,,,,,,Photographs|Ephemera,,http://www.metmuseum.org/art/collection/search/892733,,,"Metropolitan Museum of Art, New York, NY",,,
2022.391,False,False,False,892734,,Photographs,2022,,"Undertaker, London",,,,,,16222,Artist, ,Irving Penn,"American, Plainfield, New Jersey 1917–2009 New York", ,"Penn, Irving",American,1917      ,2009      ,,http://vocab.getty.edu/page/ulan/500016471,https://www.wikidata.org/wiki/Q318604,"1950, printed 1967",1950,1950,Platinum-palladium print,"Image: 16 5/8 x 11 in. (42.2 x 27.9 cm.)
Sheet: 22 1/2 x 18 in. (57.1 x 45.7 cm.)","Purchase, Leonard and Judy Lauder Fund Gift, 2022",,,,,,,,,,,,Photographs,© The Irving Penn Foundation,http://www.metmuseum.org/art/collection/search/892734,,,"Metropolitan Museum of Art, New York, NY",,,
2023.67,False,False,False,892737,,Islamic Art,2023,Collage,Saqqakhana Collage,,,,,,22124,Artist, ,Parviz Kalantari,"Iranian, Tehran 1931–2016 Tehran", ,"Kalantari, Parviz",Iranian,1931      ,2016      ,,,,"dated 1991 CE (1370 Shamsi, Persian Calendar)",1966,2016,"Mixed media: mud and hay mixture, ceramic, iron, beads, ribbons, and tassels","H. 19 11/16 in. (50 cm)
W. 15 3/4 in. (40 cm)","Purchase, 2017 and 2018 NoRuz at The Met Benefit, 2023
",,,,,,,,,,,,Paintings,,http://www.metmuseum.org/art/collection/search/892737,,,"Metropolitan Museum of Art, New York, NY",,,
Burdick 223(10),False,False,False,892747,,Drawings and Prints,1963,Print,"Album 223, Page 10",,,,,,,,,,,,,,,,,,,ca. 1880–99,1875,1900,Photographs,Sheet: 15 × 12 5/8 in. (38.1 × 32.1 cm),"The Jefferson R. Burdick Collection, Gift of Jefferson R. Burdick",,,,,,,,,,,,Photographs|Ephemera,,http://www.metmuseum.org/art/collection/search/892747,,,"Metropolitan Museum of Art, New York, NY",,,
"Burdick 223, N335.61",False,False,False,892748,,Drawings and Prints,1963,Photograph,Actress holding closed parasol from Actresses (N335a) issued by S. F. Hess & Company to promote Long Cut Tobacco brands,,,,,,17916,Publisher, ,S.F. Hess & Co., , ,S.F. Hess & Co., ,          ,          ,,,,ca. 1880–99,1875,1900,Photograph,Sheet: 3 9/16 × 2 3/16 in. (9 × 5.6 cm),"The Jefferson R. Burdick Collection, Gift of Jefferson R. Burdick",,,,,,,,,,,,Photographs|Ephemera,,http://www.metmuseum.org/art/collection/search/892748,,,"Metropolitan Museum of Art, New York, NY",,,
"Burdick 223, N335.62",False,False,False,892749,,Drawings and Prints,1963,Photograph,"Actress turned to side, hand on hip from Actresses (N335a) issued by S. F. Hess & Company to promote Long Cut Tobacco brands",,,,,,17916,Publisher, ,S.F. Hess & Co., , ,S.F. Hess & Co., ,          ,          ,,,,ca. 1880–99,1875,1900,Photograph,Sheet: 3 1/2 × 2 3/16 in. (8.9 × 5.6 cm),"The Jefferson R. Burdick Collection, Gift of Jefferson R. Burdick",,,,,,,,,,,,Photographs|Ephemera,,http://www.metmuseum.org/art/collection/search/892749,,,"Metropolitan Museum of Art, New York, NY",,,
"Burdick 223, N335.63",False,False,False,892750,,Drawings and Prints,1963,Photograph,"Actress leaning forward, hand on hip from Actresses (N335a) issued by S. F. Hess & Company to promote Long Cut Tobacco brands",,,,,,17916,Publisher, ,S.F. Hess & Co., , ,S.F. Hess & Co., ,          ,          ,,,,ca. 1880–99,1875,1900,Photograph,Sheet: 3 1/2 × 2 5/16 in. (8.9 × 5.8 cm),"The Jefferson R. Burdick Collection, Gift of Jefferson R. Burdick",,,,,,,,,,,,Photographs|Ephemera,,http://www.metmuseum.org/art/collection/search/892750,,,"Metropolitan Museum of Art, New York, NY",,,
"Burdick 223, N335.64",False,False,False,892751,,Drawings and Prints,1963,Photograph,Actress with hands on hips from Actresses (N335a) issued by S. F. Hess & Company to promote Long Cut Tobacco brands,,,,,,17916,Publisher, ,S.F. Hess & Co., , ,S.F. Hess & Co., ,          ,          ,,,,ca. 1880–99,1875,1900,Photograph,Sheet: 3 7/16 × 2 3/16 in. (8.7 × 5.5 cm),"The Jefferson R. Burdick Collection, Gift of Jefferson R. Burdick",,,,,,,,,,,,Photographs|Ephemera,,http://www.metmuseum.org/art/collection/search/892751,,,"Metropolitan Museum of Art, New York, NY",,,
"Burdick 223, N335.65",False,False,False,892752,,Drawings and Prints,1963,Photograph,Actress with heart shaped cutout at neckline from Actresses (N335a) issued by S. F. Hess & Company to promote Long Cut Tobacco brands,,,,,,17916,Publisher, ,S.F. Hess & Co., , ,S.F. Hess & Co., ,          ,          ,,,,ca. 1880–99,1875,1900,Photograph,Sheet: 3 3/8 × 2 3/16 in. (8.6 × 5.5 cm),"The Jefferson R. Burdick Collection, Gift of Jefferson R. Burdick",,,,,,,,,,,,Photographs|Ephemera,,http://www.metmuseum.org/art/collection/search/892752,,,"Metropolitan Museum of Art, New York, NY",,,
"Burdick 223, N335.66",False,False,False,892753,,Drawings and Prints,1963,Photograph,Actress with finger to chin from Actresses (N335a) issued by S. F. Hess & Company to promote Long Cut Tobacco brands,,,,,,17916,Publisher, ,S.F. Hess & Co., , ,S.F. Hess & Co., ,          ,          ,,,,ca. 1880–99,1875,1900,Photograph,Sheet: 3 7/16 × 2 1/16 in. (8.8 × 5.3 cm),"The Jefferson R. Burdick Collection, Gift of Jefferson R. Burdick",,,,,,,,,,,,Photographs|Ephemera,,http://www.metmuseum.org/art/collection/search/892753,,,"Metropolitan Museum of Art, New York, NY",,,
"Burdick 223, N335.67",False,False,False,892754,,Drawings and Prints,1963,Photograph,Actress in elaborate costume looking upward with halo from Actresses (N335a) issued by S. F. Hess & Company to promote Long Cut Tobacco brands,,,,,,17916,Publisher, ,S.F. Hess & Co., , ,S.F. Hess & Co., ,          ,          ,,,,ca. 1880–99,1875,1900,Photograph,Sheet: 3 7/16 × 2 3/16 in. (8.8 × 5.5 cm),"The Jefferson R. Burdick Collection, Gift of Jefferson R. Burdick",,,,,,,,,,,,Photographs|Ephemera,,http://www.metmuseum.org/art/collection/search/892754,,,"Metropolitan Museum of Art, New York, NY",,,
"Burdick 223, N335.68",False,False,False,892755,,Drawings and Prints,1963,Photograph,Actress leaning on a long pole from Actresses (N335a) issued by S. F. Hess & Company to promote Long Cut Tobacco brands,,,,,,17916,Publisher, ,S.F. Hess & Co., , ,S.F. Hess & Co., ,          ,          ,,,,ca. 1880–99,1875,1900,Photograph,Sheet: 3 9/16 × 2 3/16 in. (9 × 5.6 cm),"The Jefferson R. Burdick Collection, Gift of Jefferson R. Burdick",,,,,,,,,,,,Photographs|Ephemera,,http://www.metmuseum.org/art/collection/search/892755,,,"Metropolitan Museum of Art, New York, NY",,,
"Burdick 223, N335.69",False,False,False,892756,,Drawings and Prints,1963,Photograph,Actress with large bow at hips from Actresses (N335a) issued by S. F. Hess & Company to promote Long Cut Tobacco brands,,,,,,17916,Publisher, ,S.F. Hess & Co., , ,S.F. Hess & Co., ,          ,          ,,,,ca. 1880–99,1875,1900,Photograph,Sheet: 3 1/2 × 2 3/16 in. (8.9 × 5.6 cm),"The Jefferson R. Burdick Collection, Gift of Jefferson R. Burdick",,,,,,,,,,,,Photographs|Ephemera,,http://www.metmuseum.org/art/collection/search/892756,,,"Metropolitan Museum of Art, New York, NY",,,
"Burdick 223, N335.70",False,False,False,892757,,Drawings and Prints,1963,Photograph,Actress with hands behind back wearing tulle skirt from Actresses (N335a) issued by S. F. Hess & Company to promote Long Cut Tobacco brands,,,,,,17916,Publisher, ,S.F. Hess & Co., , ,S.F. Hess & Co., ,          ,          ,,,,ca. 1880–99,1875,1900,Photograph,Sheet: 3 9/16 × 2 1/8 in. (9 × 5.4 cm),"The Jefferson R. Burdick Collection, Gift of Jefferson R. Burdick",,,,,,,,,,,,Photographs|Ephemera,,http://www.metmuseum.org/art/collection/search/892757,,,"Metropolitan Museum of Art, New York, NY",,,
"Burdick 223, N335.71",False,False,False,892758,,Drawings and Prints,1963,Photograph,Actress standing on steps and holding a pole from Actresses (N335a) issued by S. F. Hess & Company to promote Long Cut Tobacco brands,,,,,,17916,Publisher, ,S.F. Hess & Co., , ,S.F. Hess & Co., ,          ,          ,,,,ca. 1880–99,1875,1900,Photograph,Sheet: 3 1/2 × 2 5/16 in. (8.9 × 5.9 cm),"The Jefferson R. Burdick Collection, Gift of Jefferson R. Burdick",,,,,,,,,,,,Photographs|Ephemera,,http://www.metmuseum.org/art/collection/search/892758,,,"Metropolitan Museum of Art, New York, NY",,,
"Burdick 223, N335.72",False,False,False,892759,,Drawings and Prints,1963,Photograph,Actress with hand to eyes holding a prop from Actresses (N335a) issued by S. F. Hess & Company to promote Long Cut Tobacco brands,,,,,,17916,Publisher, ,S.F. Hess & Co., , ,S.F. Hess & Co., ,          ,          ,,,,ca. 1880–99,1875,1900,Photograph,Sheet: 3 7/16 × 2 1/4 in. (8.7 × 5.7 cm),"The Jefferson R. Burdick Collection, Gift of Jefferson R. Burdick",,,,,,,,,,,,Photographs|Ephemera,,http://www.metmuseum.org/art/collection/search/892759,,,"Metropolitan Museum of Art, New York, NY",,,
Burdick 223(11),False,False,False,892761,,Drawings and Prints,1963,Print,"Album 223, Page 11",,,,,,,,,,,,,,,,,,,ca. 1880–99,1875,1900,Photographs,Sheet: 15 × 12 5/8 in. (38.1 × 32.1 cm),"The Jefferson R. Burdick Collection, Gift of Jefferson R. Burdick",,,,,,,,,,,,Photographs|Ephemera,,http://www.metmuseum.org/art/collection/search/892761,,,"Metropolitan Museum of Art, New York, NY",,,
"Burdick 223, N335.73",False,False,False,892762,,Drawings and Prints,1963,Photograph,Actress wearing dress with stars from Actresses (N335a) issued by S. F. Hess & Company to promote Long Cut Tobacco brands,,,,,,17916,Publisher, ,S.F. Hess & Co., , ,S.F. Hess & Co., ,          ,          ,,,,ca. 1880–99,1875,1900,Photograph,Sheet: 3 1/2 × 2 3/16 in. (8.9 × 5.5 cm),"The Jefferson R. Burdick Collection, Gift of Jefferson R. Burdick",,,,,,,,,,,,Photographs|Ephemera,,http://www.metmuseum.org/art/collection/search/892762,,,"Metropolitan Museum of Art, New York, NY",,,
"Burdick 223, N335.74",False,False,False,892763,,Drawings and Prints,1963,Photograph,Actress turned to side with arms outstretched from Actresses (N335a) issued by S. F. Hess & Company to promote Long Cut Tobacco brands,,,,,,17916,Publisher, ,S.F. Hess & Co., , ,S.F. Hess & Co., ,          ,          ,,,,ca. 1880–99,1875,1900,Photograph,Sheet: 3 9/16 × 2 3/16 in. (9 × 5.5 cm),"The Jefferson R. Burdick Collection, Gift of Jefferson R. Burdick",,,,,,,,,,,,Photographs|Ephemera,,http://www.metmuseum.org/art/collection/search/892763,,,"Metropolitan Museum of Art, New York, NY",,,
"Burdick 223, N335.75",False,False,False,892764,,Drawings and Prints,1963,Photograph,Actress holding flower from Actresses (N335a) issued by S. F. Hess & Company to promote Long Cut Tobacco brands,,,,,,17916,Publisher, ,S.F. Hess & Co., , ,S.F. Hess & Co., ,          ,          ,,,,ca. 1880–99,1875,1900,Photograph,Sheet: 3 1/2 × 2 1/16 in. (8.9 × 5.2 cm),"The Jefferson R. Burdick Collection, Gift of Jefferson R. Burdick",,,,,,,,,,,,Photographs|Ephemera,,http://www.metmuseum.org/art/collection/search/892764,,,"Metropolitan Museum of Art, New York, NY",,,
"Burdick 223, N335.76",False,False,False,892765,,Drawings and Prints,1963,Photograph,Actress wearing dress with stars holding curtain from Actresses (N335a) issued by S. F. Hess & Company to promote Long Cut Tobacco brands,,,,,,17916,Publisher, ,S.F. Hess & Co., , ,S.F. Hess & Co., ,          ,          ,,,,ca. 1880–99,1875,1900,Photograph,Sheet: 3 7/16 × 2 3/16 in. (8.8 × 5.6 cm),"The Jefferson R. Burdick Collection, Gift of Jefferson R. Burdick",,,,,,,,,,,,Photographs|Ephemera,,http://www.metmuseum.org/art/collection/search/892765,,,"Metropolitan Museum of Art, New York, NY",,,
"Burdick 223, N335.77",False,False,False,892766,,Drawings and Prints,1963,Photograph,Actress holding fishing pole from Actresses (N335a) issued by S. F. Hess & Company to promote Long Cut Tobacco brands,,,,,,17916,Publisher, ,S.F. Hess & Co., , ,S.F. Hess & Co., ,          ,          ,,,,ca. 1880–99,1875,1900,Photograph,Sheet: 3 7/16 × 2 1/8 in. (8.8 × 5.4 cm),"The Jefferson R. Burdick Collection, Gift of Jefferson R. Burdick",,,,,,,,,,,,Photographs|Ephemera,,http://www.metmuseum.org/art/collection/search/892766,,,"Metropolitan Museum of Art, New York, NY",,,
"Burdick 223, N335.78",False,False,False,892767,,Drawings and Prints,1963,Photograph,Actress with foot on chair rung from Actresses (N335a) issued by S. F. Hess & Company to promote Long Cut Tobacco brands,,,,,,17916,Publisher, ,S.F. Hess & Co., , ,S.F. Hess & Co., ,          ,          ,,,,ca. 1880–99,1875,1900,Photograph,Sheet: 3 1/2 × 2 1/16 in. (8.9 × 5.3 cm),"The Jefferson R. Burdick Collection, Gift of Jefferson R. Burdick",,,,,,,,,,,,Photographs|Ephemera,,http://www.metmuseum.org/art/collection/search/892767,,,"Metropolitan Museum of Art, New York, NY",,,
"Burdick 223, N335.79",False,False,False,892768,,Drawings and Prints,1963,Photograph,Actress holding staff in outdoor setting from Actresses (N335a) issued by S. F. Hess & Company to promote Long Cut Tobacco brands,,,,,,17916,Publisher, ,S.F. Hess & Co., , ,S.F. Hess & Co., ,          ,          ,,,,ca. 1880–99,1875,1900,Photograph,Sheet: 3 9/16 × 2 1/4 in. (9 × 5.7 cm),"The Jefferson R. Burdick Collection, Gift of Jefferson R. Burdick",,,,,,,,,,,,Photographs|Ephemera,,http://www.metmuseum.org/art/collection/search/892768,,,"Metropolitan Museum of Art, New York, NY",,,
"Burdick 223, N335.80",False,False,False,892769,,Drawings and Prints,1963,Photograph,Actress leaning forward with hands behind back in outdoor setting from Actresses (N335a) issued by S. F. Hess & Company to promote Long Cut Tobacco brands,,,,,,17916,Publisher, ,S.F. Hess & Co., , ,S.F. Hess & Co., ,          ,          ,,,,ca. 1880–99,1875,1900,Photograph,Sheet: 3 1/2 × 2 3/16 in. (8.9 × 5.6 cm),"The Jefferson R. Burdick Collection, Gift of Jefferson R. Burdick",,,,,,,,,,,,Photographs|Ephemera,,http://www.metmuseum.org/art/collection/search/892769,,,"Metropolitan Museum of Art, New York, NY",,,
"Burdick 223, N335.81",False,False,False,892770,,Drawings and Prints,1963,Photograph,Actress with hand on hip in front of curtain from Actresses (N335a) issued by S. F. Hess & Company to promote Long Cut Tobacco brands,,,,,,17916,Publisher, ,S.F. Hess & Co., , ,S.F. Hess & Co., ,          ,          ,,,,ca. 1880–99,1875,1900,Photograph,Sheet: 3 1/2 × 2 5/16 in. (8.9 × 5.8 cm),"The Jefferson R. Burdick Collection, Gift of Jefferson R. Burdick",,,,,,,,,,,,Photographs|Ephemera,,http://www.metmuseum.org/art/collection/search/892770,,,"Metropolitan Museum of Art, New York, NY",,,
26.28.815,False,False,False,892771,,Drawings and Prints,1926,Print,"The Attack on Windsor Castle, by Prince Rupert, 1642: Presented Gratuitously to Subscribers with Number One of ""The Tales of Heroism""",,,,,,22126,Artist, ,W. H. Price,"British, 19th century", ,"Price, W. H.",British,1800      ,1900      ,,,,mid 19th century,1850,1880,Wood engraving,Sheet: 14 15/16 × 9 13/16 in. (38 × 25 cm),"Gift of Bella C. Landauer, 1926",,,,,,,,,,,,Prints,,http://www.metmuseum.org/art/collection/search/892771,,,"Metropolitan Museum of Art, New York, NY",,,
52.632.39,False,False,False,892772,,Drawings and Prints,1952,Print,"The Darktown Fire Brigade -- Hook and Ladder Gymnastics: ""Brace her up dar! and cotch her on de fly!""",,,,,,16361,Publisher, ,Currier & Ives,"American, active New York, 1857–1907", ,Currier & Ives,American,1857      ,1907      ,,http://vocab.getty.edu/page/ulan/500034474,https://www.wikidata.org/wiki/Q1144898,1887,1887,1887,"Lithograph, printed in color","Image: 8 1/2 in. × 13 in. (21.6 × 33 cm)
Image and text: 9 5/8 in. × 13 in. (24.4 × 33 cm)
Sheet: 13 3/8 × 17 7/8 in. (34 × 45.4 cm)","Gift of A. S. Colgate, 1952",,,,,,,,,,,,Prints,,http://www.metmuseum.org/art/collection/search/892772,,,"Metropolitan Museum of Art, New York, NY",,,
59.591.4,False,False,False,892773,,Drawings and Prints,1959,Print,"Bill of Henry Stratton, Ironmonger and Brazier",,,,,,22126,Subject, ,Henry Stratton,"British, active 1770", ,"Stratton, Henry",British,1750      ,1800      ,,,,1770,1770,1770,Etching and engraving,Sheet: 13 3/16 × 8 5/16 in. (33.5 × 21.1 cm),"The Elisha Whittelsey Collection, The Elisha Whittelsey Fund, 1959",,,,,,,,,,,,Prints,,http://www.metmuseum.org/art/collection/search/892773,,,"Metropolitan Museum of Art, New York, NY",,,
27.100.3.11,False,False,False,892774,,Drawings and Prints,1927,Print ; ephemera,"Collection of fine Pictures, brought from abroad by Mr. Andrew Hay, Will be Sold by Auction,at Mr. Cock's New-Auction Rooms in Poland-street, the Corner of Broad-street near Golden-Square, on Saturday the 19th of this Inst. February, 1725-6",,,,,"Collection of Trade Cards, Mainly British, 1700-1850 [Baron Leverhulme, Volume III]",7412322126517404,Artist|Subject|Engraver,After| | ,Lorenzo Pasinelli|Andrew Hay|Giuseppe Maria Rolli,"Italian, Bologna 1629–1700 Bologna|British, born Edinburgh, Scotland, died 1754|Italian, 1645–1727", | | ,"Pasinelli, Lorenzo|Hay, Andrew|Rolli, Giuseppe Maria","Italian|British, born Scotland|Italian",1629      |          |1645      ,1700      |1754      |1727      ,||,http://vocab.getty.edu/page/ulan/500021391||(not assigned),https://www.wikidata.org/wiki/Q1645684||https://www.wikidata.org/wiki/Q27881200,1725,1725,1725,Etching with letterpress,Sheet: 16 5/8 × 11 7/16 in. (42.2 × 29 cm),"Gift of Mrs. Morris Hawkes, 1927",,,,,,,,,,,,Prints,,http://www.metmuseum.org/art/collection/search/892774,,,"Metropolitan Museum of Art, New York, NY",,,
18.17.1-199,False,False,False,892777,,Drawings and Prints,1918,Print,"Day & Son, Lithographers to the Queen, Chromolithograers and Copper Plate Printers, 17 Gate Street, Lincolns Inn Fields",,,,,,7717,Printer, ,Day & Son, , ,Day & Son,British,1850      ,1867      ,,,,1850–57,1850,1857,Color lithograph with gold,18 7/16 × 13 9/16 in. (46.8 × 34.4 cm),"Rogers Fund, 1918",,,,,,,,,,,,Prints,,http://www.metmuseum.org/art/collection/search/892777,,,"Metropolitan Museum of Art, New York, NY",,,
"Burdick 223, N335.82",False,False,False,892778,,Drawings and Prints,1963,Photograph,Actress in costume holding long stick from Actresses (N335a) issued by S. F. Hess & Company to promote Long Cut Tobacco brands,,,,,,17916,Publisher, ,S.F. Hess & Co., , ,S.F. Hess & Co., ,          ,          ,,,,ca. 1880–99,1875,1900,Photograph,Sheet: 3 9/16 × 2 3/16 in. (9 × 5.6 cm),"The Jefferson R. Burdick Collection, Gift of Jefferson R. Burdick",,,,,,,,,,,,Photographs|Ephemera,,http://www.metmuseum.org/art/collection/search/892778,,,"Metropolitan Museum of Art, New York, NY",,,
"Burdick 223, N335.83",False,False,False,892779,,Drawings and Prints,1963,Photograph,Actress standing with hand on hip from Actresses (N335a) issued by S. F. Hess & Company to promote Long Cut Tobacco brands,,,,,,17916,Publisher, ,S.F. Hess & Co., , ,S.F. Hess & Co., ,          ,          ,,,,ca. 1880–99,1875,1900,Photograph,Sheet: 3 9/16 × 2 1/4 in. (9 × 5.7 cm),"The Jefferson R. Burdick Collection, Gift of Jefferson R. Burdick",,,,,,,,,,,,Photographs|Ephemera,,http://www.metmuseum.org/art/collection/search/892779,,,"Metropolitan Museum of Art, New York, NY",,,
52.632.46,False,False,False,892780,,Drawings and Prints,1952,Print,"The Darktown Fire Brigade -- The Last Shake:  ""We's won de Mug but we's smashed de ole machine.""",,,,,,16361,Publisher, ,Currier & Ives,"American, active New York, 1857–1907", ,Currier & Ives,American,1857      ,1907      ,,http://vocab.getty.edu/page/ulan/500034474,https://www.wikidata.org/wiki/Q1144898,1885,1885,1885,Hand-colored lithograph,"Image: 8 3/4 in. × 13 in. (22.2 × 33 cm)
Image and text: 9 3/4 in. × 13 in. (24.8 × 33 cm)
Sheet: 13 1/2 × 17 5/8 in. (34.3 × 44.8 cm)","Gift of A. S. Colgate, 1952",,,,,,,,,,,,Prints,,http://www.metmuseum.org/art/collection/search/892780,,,"Metropolitan Museum of Art, New York, NY",,,
"Burdick 223, N335.84",False,False,False,892781,,Drawings and Prints,1963,Photograph,Actress as Spanish Dancer from Actresses (N335a) issued by S. F. Hess & Company to promote Long Cut Tobacco brands,,,,,,17916,Publisher, ,S.F. Hess & Co., , ,S.F. Hess & Co., ,          ,          ,,,,ca. 1880–99,1875,1900,Photograph,Sheet: 3 7/16 × 2 1/8 in. (8.8 × 5.4 cm),"The Jefferson R. Burdick Collection, Gift of Jefferson R. Burdick",,,,,,,,,,,,Photographs|Ephemera,,http://www.metmuseum.org/art/collection/search/892781,,,"Metropolitan Museum of Art, New York, NY",,,
Burdick 223(12),False,False,False,892782,,Drawings and Prints,1963,Print,"Album 223, Page 12",,,,,,,,,,,,,,,,,,,ca. 1880–99,1875,1900,Photographs,Sheet: 15 × 12 5/8 in. (38.1 × 32.1 cm),"The Jefferson R. Burdick Collection, Gift of Jefferson R. Burdick",,,,,,,,,,,,Photographs|Ephemera,,http://www.metmuseum.org/art/collection/search/892782,,,"Metropolitan Museum of Art, New York, NY",,,
"Burdick 223, N335.85",False,False,False,892783,,Drawings and Prints,1963,Photograph,Actress in all white from Actresses (N335a) issued by S. F. Hess & Company to promote Long Cut Tobacco brands,,,,,,17916,Publisher, ,S.F. Hess & Co., , ,S.F. Hess & Co., ,          ,          ,,,,ca. 1880–99,1875,1900,Photograph,Sheet: 3 7/16 × 2 3/16 in. (8.8 × 5.6 cm),"The Jefferson R. Burdick Collection, Gift of Jefferson R. Burdick",,,,,,,,,,,,Photographs|Ephemera,,http://www.metmuseum.org/art/collection/search/892783,,,"Metropolitan Museum of Art, New York, NY",,,
"Burdick 223, N335.86",False,False,False,892784,,Drawings and Prints,1963,Photograph,Actress leaning on chair back from Actresses (N335a) issued by S. F. Hess & Company to promote Long Cut Tobacco brands,,,,,,17916,Publisher, ,S.F. Hess & Co., , ,S.F. Hess & Co., ,          ,          ,,,,ca. 1880–99,1875,1900,Photograph,Sheet: 3 7/16 × 2 1/16 in. (8.8 × 5.3 cm),"The Jefferson R. Burdick Collection, Gift of Jefferson R. Burdick",,,,,,,,,,,,Photographs|Ephemera,,http://www.metmuseum.org/art/collection/search/892784,,,"Metropolitan Museum of Art, New York, NY",,,
26.28.816,False,False,False,892785,,Drawings and Prints,1926,Print,"A. W. Faber's New Polygrade Pencils, Siberian Black Lead, from Alibert's Mine (Advertisement)",,,,,,22126822126,Printer|Publisher, | ,Carl Rietzschel|A. W. Faber,"German, active ca. 1860|German, established 1761", | ,"Rietzschel, Carl|A. W. Faber",German|German,1850      |1761      ,1900      |2999      ,|,|,|,after 1862,1862,1865,Color lithograph,Sheet: 11 7/16 × 13 9/16 in. (29.1 × 34.5 cm),"Gift of Bella C. Landauer, 1926",,,,,,,,,,,,Prints,,http://www.metmuseum.org/art/collection/search/892785,,,"Metropolitan Museum of Art, New York, NY",,,
